Epoch,Train_Loss,Val_Loss,Test_Loss
1,18.52515957514445,0.43920467138290403,0.36688693523406984
2,1.1817592724164327,0.975984182357788,0.9273215627670288
3,0.3703086527188619,0.2666603088378906,0.21472521781921386
4,0.2116560435295105,0.2349221134185791,0.1861599314212799
5,0.19201205333073934,0.21420858263969422,0.16781815648078918
6,0.18259400248527527,0.20638466835021974,0.1651080709695816
7,0.17870172262191772,0.20866862297058106,0.16620296239852905
8,0.17016991794109346,0.23680209517478942,0.19923033237457274
9,0.17128639181454977,0.22558122277259826,0.19046615123748778
10,0.16619221289952596,0.1940043067932129,0.15762361884117126
11,0.15176225821177164,0.19950751781463624,0.16640952348709107
12,0.1485762667655945,0.1862124216556549,0.15256736159324646
13,0.14748565832773844,0.1834130311012268,0.1510963523387909
14,0.1434178978204727,0.20078046679496764,0.1716025173664093
15,0.14535624126593272,0.17615583419799805,0.1476145088672638
16,0.13597473482290903,0.1731207239627838,0.14752326846122743
17,0.13284345030784606,0.1921423614025116,0.16281341910362243
18,0.13171907395124435,0.16711721956729889,0.14364259123802184
19,0.12695990532636642,0.16545442581176759,0.14287147164344788
20,0.12511342068513234,0.16640698671340942,0.1435437595844269
21,0.12765493233998618,0.16273228645324708,0.14027820229530336
22,0.1249452567100525,0.17387816190719604,0.15293068766593934
23,0.1272159144282341,0.19488746523857117,0.17299236536026
24,0.14155531565348306,0.161273775100708,0.14422727227211
25,0.1308011191089948,0.1570662033557892,0.13669922709465027
26,0.11896174033482869,0.1602166163921356,0.14145478010177612
27,0.11580690383911132,0.15568902850151062,0.13414786577224733
28,0.10958309630552927,0.15515032410621643,0.13815249919891356
29,0.11678858290115993,0.1531485378742218,0.13825415968894958
30,0.10895870327949524,0.15202804267406464,0.13514307260513306
31,0.10749480932950974,0.16107983469963075,0.14292830228805542
32,0.10724255214134852,0.1471196812391281,0.13486631512641906
33,0.11020687560240428,0.1400144439935684,0.12783731818199157
34,0.1045670348405838,0.14243655800819396,0.1282956349849701
35,0.10377370327711105,0.13606354117393493,0.12675197422504425
36,0.09501899609963099,0.14142942547798157,0.1273839980363846
37,0.09912785391012828,0.14143349468708039,0.1312584125995636
38,0.10143508672714234,0.16603525042533873,0.15154462099075316
39,0.10991192425290744,0.1354292356967926,0.12574732065200805
40,0.09846398532390595,0.14120160102844237,0.1245454180240631
41,0.10425957878430685,0.14149540543556213,0.13197529911994935
42,0.09372940401236217,0.14149579882621766,0.12627558708190917
43,0.09287146399418512,0.1397705852985382,0.1268280839920044
44,0.09160353233416875,0.14289806604385377,0.13745792627334594
45,0.0857910880446434,0.1316540992259979,0.11948048710823059
46,0.08704000582297643,0.1365521740913391,0.12712436079978942
47,0.08576982448498408,0.13508221983909607,0.12203228771686554
48,0.08173866709073385,0.12957427620887757,0.12008373379707336
49,0.08107958177725474,0.130849529504776,0.11920537054538727
50,0.07973192115624746,0.12896140217781066,0.11907254099845886
