Epoch,Train_Loss,Val_Loss,Test_Loss,Train_MSE_target_0,Val_MSE_target_0,Train_R2_target_0,Val_R2_target_0
1,2.293670654296875,0.0239244531840086,,2.293670654296875,0.0239244531840086,-7.454136628910893,0.9101828610442344
2,0.02595360204577446,0.02199741080403328,,0.02595360204577446,0.02199741080403328,0.9043387954167202,0.9174173600685039
3,0.024681635200977325,0.03114786557853222,,0.024681635200977325,0.03114786557853222,0.9090270803163917,0.8830647392721813
4,0.023468047380447388,0.014108534902334213,,0.023468047380447388,0.014108534902334213,0.9135001886184585,0.9470337637379221
5,0.022873321548104286,0.019254345446825027,,0.022873321548104286,0.019254345446825027,0.9156922615884606,0.9277153710808433
6,0.02199915051460266,0.015515172854065895,,0.02199915051460266,0.015515172854065895,0.9189143289504048,0.9417529660787478
7,0.01994669809937477,0.039677564054727554,,0.01994669809937477,0.039677564054727554,0.9264793702130502,0.8510425606503812
8,0.01904350519180298,0.016874494031071663,,0.01904350519180298,0.016874494031071663,0.9298084079842623,0.9366498049698349
9,0.017349734902381897,0.01421663723886013,,0.017349734902381897,0.01421663723886013,0.9360513990684141,0.9466279261412793
10,0.01691599003970623,0.018731290474534035,,0.01691599003970623,0.018731290474534035,0.9376501195840551,0.9296790231136165
11,0.01635703817009926,0.01197445672005415,,0.01635703817009926,0.01197445672005415,0.9397103349274349,0.9550455161974699
12,0.01590876467525959,0.00864129513502121,,0.01590876467525959,0.00864129513502121,0.9413626058693831,0.9675588654030863
13,0.013582260347902775,7684.6044921875,,0.013582260347902775,7684.6044921875,0.9499377626445638,-28848.528312573926
14,0.014001838862895966,0.023481469601392746,,0.014001838862895966,0.023481469601392746,0.9483912572272918,0.9118459092104314
15,0.012951236218214035,0.015681380406022072,,0.012951236218214035,0.015681380406022072,0.9522636258623428,0.9411289899872264
16,0.012551714666187763,0.015875671058893204,,0.012551714666187763,0.015875671058893204,0.953736204229554,0.9403995843689447
17,1832.4918212890625,0.007951455190777779,,1832.4918212890625,0.007951455190777779,-6753.298486366,0.9701486612764886
18,0.01036500371992588,0.00974865723401308,,0.01036500371992588,0.00974865723401308,0.9617961029220714,0.9634016086100249
19,0.009596211835741997,0.012343916110694408,,0.009596211835741997,0.012343916110694408,0.9646297580573073,0.9536584924200642
20,0.008853734470903873,0.008303878828883171,,0.008853734470903873,0.008303878828883171,0.9673664216992544,0.968825593090497
21,0.008761086501181126,0.013934578746557236,,0.008761086501181126,0.013934578746557236,0.9677079086485512,0.94768682962392
22,0.008014725521206856,0.006865058559924364,,0.008014725521206856,0.006865058559924364,0.9704588867313765,0.9742272095469109
23,0.007093537133187056,0.0063055818900465965,,0.007093537133187056,0.0063055818900465965,0.9738542532277372,0.976327595851017
24,0.006851840764284134,0.015115374699234962,,0.006851840764284134,0.015115374699234962,0.9747451109110707,0.9432538875899116
25,0.005971487611532211,0.007999608293175697,,0.005971487611532211,0.007999608293175697,0.9779899646659524,0.9699678849863907
26,0.005584338214248419,0.007708634715527296,,0.005584338214248419,0.007708634715527296,0.9794169410691715,0.9710602574663424
27,0.005539525765925646,0.006375416647642851,,0.005539525765925646,0.006375416647642851,0.9795821132398522,0.9760654223301126
28,0.004984801635146141,0.00862791109830141,,0.004984801635146141,0.00862791109830141,0.9816267457524487,0.9676091117295794
29,0.0044083669781684875,0.008717220276594162,,0.0044083669781684875,0.008717220276594162,0.983751400108818,0.9672738273736508
30,0.004132632631808519,0.006112407427281141,,0.004132632631808519,0.006112407427281141,0.984767716829374,0.9770528110704189
31,0.0037820078432559967,0.005048934370279312,,0.0037820078432559967,0.005048934370279312,0.986060068833945,0.9810452997012684
32,0.0033913999795913696,0.005096381064504385,,0.0033913999795913696,0.005096381064504385,0.9874997926415289,0.9808671754074578
33,0.003211516886949539,0.004831168334931135,,0.003211516886949539,0.004831168334931135,0.9881628155736033,0.9818628365580684
34,0.002903120359405875,0.005497074220329523,,0.002903120359405875,0.005497074220329523,0.989299520346301,0.9793628938851773
35,0.002611356321722269,0.005177911836653948,,0.002611356321722269,0.005177911836653948,0.990374920179036,0.9805610927298306
36,0.002383967163041234,0.004774316214025021,,0.002383967163041234,0.004774316214025021,0.9912130435651556,0.9820762706877466
37,0.002194732427597046,0.005631130654364824,,0.002194732427597046,0.005631130654364824,0.9919105352932657,0.9788596194625162
38,0.001996032427996397,0.004824763163924217,,0.001996032427996397,0.004824763163924217,0.992642914609207,0.9818868828395002
39,0.0018402696587145329,0.004557667765766382,,0.0018402696587145329,0.004557667765766382,0.9932170335354528,0.9828896119011125
40,0.0017183346208184958,0.0046768090687692165,,0.0017183346208184958,0.0046768090687692165,0.9936664683609336,0.9824423318364492
41,0.0015812282217666507,0.00452549709007144,0.00473350565880537,0.0015812282217666507,0.00452549709007144,0.9941718226183597,0.983010386993733
42,0.0014951130142435431,0.0046922736801207066,,0.0014951130142435431,0.0046922736801207066,0.9944892307557763,0.9823842746204297
43,0.001384053030051291,0.004664041101932526,,0.001384053030051291,0.004664041101932526,0.9948985817140784,0.9824902653144991
44,0.0013447109377011657,0.0046295844949781895,,0.0013447109377011657,0.0046295844949781895,0.9950435909478026,0.9826196222461272
45,0.0012882916489616036,0.0047545358538627625,,0.0012882916489616036,0.0047545358538627625,0.9952515442451152,0.9821505300801608
46,0.0012381664710119367,0.004595999605953693,,0.0012381664710119367,0.004595999605953693,0.9954362983649542,0.9827457065758767
47,0.0011918165255337954,0.004571663215756416,,0.0011918165255337954,0.004571663215756416,0.9956071375266623,0.982837070208024
48,0.0011635813862085342,0.004548036027699709,,0.0011635813862085342,0.004548036027699709,0.9957112081460187,0.9829257713547754
49,0.0011480804532766342,0.004550295881927013,,0.0011480804532766342,0.004550295881927013,0.9957683423316248,0.9829172874141148
50,0.0011338834883645177,0.004548616707324982,,0.0011338834883645177,0.004548616707324982,0.9958206702806518,0.9829235913683745
